Voltage, Current 
0, 8 
0, 8 
0, 8 
0, 8 
30029, 0 
30029, 0 
30029, 0 
30029, 0 
30029, 0 
30029, 0 
30029, 0 
30029, 0 
30029, 0 
30029, 0 
30029, 0 
30029, 0 
30029, 0 
30029, 0 
30029, 0 
30029, 0 
30029, 0 
30029, 0 
30029, 0 
30029, 0 
30029, 1104 
30029, 1104 
30029, 1104 
30029, 1104 
30029, 1104 
30031, 999 
30031, 999 
30031, 999 
30031, 999 
30031, 999 
30028, 994 
30028, 994 
30028, 994 
30028, 994 
30028, 994 
30028, 989 
30028, 989 
30028, 989 
30028, 989 
30028, 989 
30028, 1087 
30028, 1087 
30028, 1087 
30028, 1087 
30028, 1087 
30025, 1038 
30025, 1038 
30025, 1038 
30025, 1038 
30025, 1038 
30018, 988 
30018, 988 
30018, 988 
30018, 988 
30018, 988 
30018, 989 
30018, 989 
30018, 989 
30018, 989 
30018, 989 
30018, 1008 
30018, 1008 
30018, 1008 
30018, 1008 
30018, 1008 
30018, 1044 
30018, 1044 
30018, 1044 
30018, 1044 
30018, 1044 
30016, 1165 
30016, 1165 
30016, 1165 
30016, 1165 
30016, 1165 
30009, 1156 
30009, 1156 
30009, 1156 
30009, 1156 
30009, 1156 
30008, 1260 
30008, 1260 
30008, 1260 
30008, 1260 
30008, 1260 
30008, 1164 
30008, 1164 
30008, 1164 
30008, 1164 
30008, 1164 
30008, 1173 
30008, 1173 
30008, 1173 
30008, 1173 
30008, 1173 
29860, 6996 
29860, 6996 
29860, 6996 
29860, 6996 
29860, 6996 
27249, 118988 
27249, 118988 
27249, 118988 
27249, 118988 
27249, 118988 
27214, 93769 
27214, 93769 
27214, 93769 
27214, 93769 
27214, 93769 
28684, 24519 
28684, 24519 
28684, 24519 
28684, 24519 
28684, 24519 
28930, 20525 
28930, 20525 
28930, 20525 
28930, 20525 
28930, 20525 
29095, 15652 
29095, 15652 
29095, 15652 
29095, 15652 
29095, 15652 
29196, 13452 
29196, 13452 
29196, 13452 
29196, 13452 
29196, 13452 
29350, 7168 
29350, 7168 
29350, 7168 
29350, 7168 
29350, 7168 
29311, 10781 
29311, 10781 
29311, 10781 
29311, 10781 
29311, 10781 
29011, 24358 
29011, 24358 
29011, 24358 
29011, 24358 
29011, 24358 
29124, 16357 
29124, 16357 
29124, 16357 
29124, 16357 
29124, 16357 
29070, 19335 
29070, 19335 
29070, 19335 
29070, 19335 
29070, 19335 
29068, 17845 
29068, 17845 
29068, 17845 
29068, 17845 
29068, 17845 
29077, 20752 
29077, 20752 
29077, 20752 
29077, 20752 
29077, 20752 
29203, 7531 
29203, 7531 
29203, 7531 
29203, 7531 
29203, 7531 
29226, 8988 
29226, 8988 
29226, 8988 
29226, 8988 
29226, 8988 
29208, 10721 
29208, 10721 
29208, 10721 
29208, 10721 
29208, 10721 
29207, 10577 
29207, 10577 
29207, 10577 
29207, 10577 
29207, 10577 
29233, 8780 
29233, 8780 
29233, 8780 
29233, 8780 
29233, 8780 
29269, 7177 
29269, 7177 
29269, 7177 
29269, 7177 
29269, 7177 
29333, 4045 
29333, 4045 
29333, 4045 
29333, 4045 
29333, 4045 
29300, 6390 
29300, 6390 
29300, 6390 
29300, 6390 
29300, 6390 
29350, 3698 
29350, 3698 
29350, 3698 
29350, 3698 
29350, 3698 
29365, 3484 
29365, 3484 
29365, 3484 
29365, 3484 
29365, 3484 
29333, 5340 
29333, 5340 
29333, 5340 
29333, 5340 
29333, 5340 
29324, 5405 
29324, 5405 
29324, 5405 
29324, 5405 
29324, 5405 
29325, 4938 
29325, 4938 
29325, 4938 
29325, 4938 
29325, 4938 
29341, 3756 
29341, 3756 
29341, 3756 
29341, 3756 
29341, 3756 
29364, 2995 
29364, 2995 
29364, 2995 
29364, 2995 
29364, 2995 
29394, 1750 
29394, 1750 
29394, 1750 
29394, 1750 
29394, 1750 
29395, 2077 
29395, 2077 
29395, 2077 
29395, 2077 
29395, 2077 
28993, 22892 
28993, 22892 
28993, 22892 
28993, 22892 
28993, 22892 
29144, 8581 
29144, 8581 
29144, 8581 
29144, 8581 
29144, 8581 
29237, 5277 
29237, 5277 
29237, 5277 
29237, 5277 
29237, 5277 
29200, 7698 
29200, 7698 
29200, 7698 
29200, 7698 
29200, 7698 
29217, 6602 
29217, 6602 
29217, 6602 
29217, 6602 
29217, 6602 
29226, 6156 
29226, 6156 
29226, 6156 
29226, 6156 
29226, 6156 
29196, 7491 
29196, 7491 
29196, 7491 
29196, 7491 
29196, 7491 
29193, 6760 
29193, 6760 
29193, 6760 
29193, 6760 
29193, 6760 
29217, 5690 
29217, 5690 
29217, 5690 
29217, 5690 
29217, 5690 
29260, 3366 
29260, 3366 
29260, 3366 
29260, 3366 
29260, 3366 
29292, 2097 
29292, 2097 
29292, 2097 
29292, 2097 
29292, 2097 
29315, 1262 
29315, 1262 
29315, 1262 
29315, 1262 
29315, 1262 
29326, 1217 
29326, 1217 
29326, 1217 
29326, 1217 
29326, 1217 
29326, 1332 
29326, 1332 
29326, 1332 
29326, 1332 
29326, 1332 
29336, 1325 
29336, 1325 
29336, 1325 
29336, 1325 
29336, 1325 
29292, 3880 
29292, 3880 
29292, 3880 
29292, 3880 
29292, 3880 
29215, 7123 
29215, 7123 
29215, 7123 
29215, 7123 
29215, 7123 
28742, 30855 
28742, 30855 
28742, 30855 
28742, 30855 
28742, 30855 
28894, 16223 
28894, 16223 
28894, 16223 
28894, 16223 
28894, 16223 
29102, 4710 
29102, 4710 
29102, 4710 
29102, 4710 
29102, 4710 
29161, 2923 
29161, 2923 
29161, 2923 
29161, 2923 
29161, 2923 
29134, 5707 
29134, 5707 
29134, 5707 
29134, 5707 
29134, 5707 
29095, 7680 
29095, 7680 
29095, 7680 
29095, 7680 
29095, 7680 
29103, 6432 
29103, 6432 
29103, 6432 
29103, 6432 
29103, 6432 
29096, 6757 
29096, 6757 
29096, 6757 
29096, 6757 
29096, 6757 
29084, 7169 
29084, 7169 
29084, 7169 
29084, 7169 
29084, 7169 
29064, 7944 
29064, 7944 
29064, 7944 
29064, 7944 
29064, 7944 
29063, 6563 
29063, 6563 
29063, 6563 
29063, 6563 
29063, 6563 
29126, 3426 
29126, 3426 
29126, 3426 
29126, 3426 
29126, 3426 
29120, 4411 
29120, 4411 
29120, 4411 
29120, 4411 
29120, 4411 
29075, 6938 
29075, 6938 
29075, 6938 
29075, 6938 
29075, 6938 
29014, 9330 
29014, 9330 
29014, 9330 
29014, 9330 
29014, 9330 
28991, 9086 
28991, 9086 
28991, 9086 
28991, 9086 
28991, 9086 
28963, 9948 
28963, 9948 
28963, 9948 
28963, 9948 
28963, 9948 
28933, 10691 
28933, 10691 
28933, 10691 
28933, 10691 
28933, 10691 
28940, 9376 
28940, 9376 
28940, 9376 
28940, 9376 
28940, 9376 
28963, 7599 
28963, 7599 
28963, 7599 
28963, 7599 
28963, 7599 
29014, 5067 
29014, 5067 
29014, 5067 
29014, 5067 
29014, 5067 
29048, 3783 
29048, 3783 
29048, 3783 
29048, 3783 
29048, 3783 
29048, 4154 
29048, 4154 
29048, 4154 
29048, 4154 
29048, 4154 
29033, 4698 
29033, 4698 
29033, 4698 
29033, 4698 
29033, 4698 
28985, 7039 
28985, 7039 
28985, 7039 
28985, 7039 
28985, 7039 
28966, 7537 
28966, 7537 
28966, 7537 
28966, 7537 
28966, 7537 
28895, 10761 
28895, 10761 
28895, 10761 
28895, 10761 
28895, 10761 
28846, 11811 
28846, 11811 
28846, 11811 
28846, 11811 
28846, 11811 
28823, 11728 
28823, 11728 
28823, 11728 
28823, 11728 
28823, 11728 
28803, 11617 
28803, 11617 
28803, 11617 
28803, 11617 
28803, 11617 
28842, 8567 
28842, 8567 
28842, 8567 
28842, 8567 
28842, 8567 
28832, 9443 
28832, 9443 
28832, 9443 
28832, 9443 
28832, 9443 
28823, 9397 
28823, 9397 
28823, 9397 
28823, 9397 
28823, 9397 
28822, 8995 
28822, 8995 
28822, 8995 
28822, 8995 
28822, 8995 
28804, 9698 
28804, 9698 
28804, 9698 
28804, 9698 
28804, 9698 
28769, 10724 
28769, 10724 
28769, 10724 
28769, 10724 
28769, 10724 
28771, 9789 
28771, 9789 
28771, 9789 
28771, 9789 
28771, 9789 
28763, 9580 
28763, 9580 
28763, 9580 
28763, 9580 
28763, 9580 
28743, 10222 
28743, 10222 
28743, 10222 
28743, 10222 
28743, 10222 
28714, 10658 
28714, 10658 
28714, 10658 
28714, 10658 
28714, 10658 
28719, 10077 
28719, 10077 
28719, 10077 
28719, 10077 
28719, 10077 
28726, 9112 
28726, 9112 
28726, 9112 
28726, 9112 
28726, 9112 
28698, 10420 
28698, 10420 
28698, 10420 
28698, 10420 
28698, 10420 
28678, 10778 
28678, 10778 
28678, 10778 
28678, 10778 
28678, 10778 
28645, 11776 
28645, 11776 
28645, 11776 
28645, 11776 
28645, 11776 
28628, 11808 
28628, 11808 
28628, 11808 
28628, 11808 
28628, 11808 
28615, 11724 
28615, 11724 
28615, 11724 
28615, 11724 
28615, 11724 
28596, 11968 
28596, 11968 
28596, 11968 
28596, 11968 
28596, 11968 
28586, 11925 
28586, 11925 
28586, 11925 
28586, 11925 
28586, 11925 
28565, 11798 
28565, 11798 
28565, 11798 
28565, 11798 
28565, 11798 
28600, 9404 
28600, 9404 
28600, 9404 
28600, 9404 
28600, 9404 
28647, 6629 
28647, 6629 
28647, 6629 
28647, 6629 
28647, 6629 
28664, 6489 
28664, 6489 
28664, 6489 
28664, 6489 
28664, 6489 
28648, 7463 
28648, 7463 
28648, 7463 
28648, 7463 
28648, 7463 
28638, 8055 
28638, 8055 
28638, 8055 
28638, 8055 
28638, 8055 
28624, 8102 
28624, 8102 
28624, 8102 
28624, 8102 
28624, 8102 
28584, 9967 
28584, 9967 
28584, 9967 
28584, 9967 
28584, 9967 
28549, 10863 
28549, 10863 
28549, 10863 
28549, 10863 
28549, 10863 
28536, 10318 
28536, 10318 
28536, 10318 
28536, 10318 
28536, 10318 
28541, 9587 
28541, 9587 
28541, 9587 
28541, 9587 
28541, 9587 
28545, 8890 
28545, 8890 
28545, 8890 
28545, 8890 
28545, 8890 
28517, 10022 
28517, 10022 
28517, 10022 
28517, 10022 
28517, 10022 
28507, 10247 
28507, 10247 
28507, 10247 
28507, 10247 
28507, 10247 
28497, 10351 
28497, 10351 
28497, 10351 
28497, 10351 
28497, 10351 
28482, 9666 
28482, 9666 
28482, 9666 
28482, 9666 
28482, 9666 
28502, 8500 
28502, 8500 
28502, 8500 
28502, 8500 
28502, 8500 
28496, 8913 
28496, 8913 
28496, 8913 
28496, 8913 
28496, 8913 
28494, 8276 
28494, 8276 
28494, 8276 
28494, 8276 
28494, 8276 
28512, 7039 
28512, 7039 
28512, 7039 
28512, 7039 
28512, 7039 
28535, 5835 
28535, 5835 
28535, 5835 
28535, 5835 
28535, 5835 
28511, 7427 
28511, 7427 
28511, 7427 
28511, 7427 
28511, 7427 
28472, 9354 
28472, 9354 
28472, 9354 
28472, 9354 
28472, 9354 
28430, 10515 
28430, 10515 
28430, 10515 
28430, 10515 
28430, 10515 
28436, 9366 
28436, 9366 
28436, 9366 
28436, 9366 
28436, 9366 
28433, 8521 
28433, 8521 
28433, 8521 
28433, 8521 
28433, 8521 
28462, 7033 
28462, 7033 
28462, 7033 
28462, 7033 
28462, 7033 
28466, 6535 
28466, 6535 
28466, 6535 
28466, 6535 
28466, 6535 
28441, 8018 
28441, 8018 
28441, 8018 
28441, 8018 
28441, 8018 
28418, 8875 
28418, 8875 
28418, 8875 
28418, 8875 
28418, 8875 
28398, 9122 
28398, 9122 
28398, 9122 
28398, 9122 
28398, 9122 
28363, 10783 
28363, 10783 
28363, 10783 
28363, 10783 
28363, 10783 
28313, 11823 
28313, 11823 
28313, 11823 
28313, 11823 
28313, 11823 
28309, 11291 
28309, 11291 
28309, 11291 
28309, 11291 
28309, 11291 
28292, 11271 
28292, 11271 
28292, 11271 
28292, 11271 
28292, 11271 
28263, 12009 
28263, 12009 
28263, 12009 
28263, 12009 
28263, 12009 
28249, 11973 
28249, 11973 
28249, 11973 
28249, 11973 
28249, 11973 
28277, 9261 
28277, 9261 
28277, 9261 
28277, 9261 
28277, 9261 
28307, 7799 
28307, 7799 
28307, 7799 
28307, 7799 
28307, 7799 
28333, 6472 
28333, 6472 
28333, 6472 
28333, 6472 
28333, 6472 
28371, 4492 
28371, 4492 
28371, 4492 
28371, 4492 
28371, 4492 
28375, 5257 
28375, 5257 
28375, 5257 
28375, 5257 
28375, 5257 
28368, 5480 
28368, 5480 
28368, 5480 
28368, 5480 
28368, 5480 
28367, 5590 
28367, 5590 
28367, 5590 
28367, 5590 
28367, 5590 
28361, 5782 
28361, 5782 
28361, 5782 
28361, 5782 
28361, 5782 
28373, 4995 
28373, 4995 
28373, 4995 
28373, 4995 
28373, 4995 
28359, 5871 
28359, 5871 
28359, 5871 
28359, 5871 
28359, 5871 
28304, 8551 
28304, 8551 
28304, 8551 
28304, 8551 
28304, 8551 
28282, 8498 
28282, 8498 
28282, 8498 
28282, 8498 
28282, 8498 
28243, 9656 
28243, 9656 
28243, 9656 
28243, 9656 
28243, 9656 
28228, 9195 
28228, 9195 
28228, 9195 
28228, 9195 
28228, 9195 
28237, 8087 
28237, 8087 
28237, 8087 
28237, 8087 
28237, 8087 
28245, 7335 
28245, 7335 
28245, 7335 
28245, 7335 
28245, 7335 
28257, 6688 
28257, 6688 
28257, 6688 
28257, 6688 
28257, 6688 
28240, 7460 
28240, 7460 
28240, 7460 
28240, 7460 
28240, 7460 
28214, 8621 
28214, 8621 
28214, 8621 
28214, 8621 
28214, 8621 
28193, 9131 
28193, 9131 
28193, 9131 
28193, 9131 
28193, 9131 
28167, 9745 
28167, 9745 
28167, 9745 
28167, 9745 
28167, 9745 
28141, 10311 
28141, 10311 
28141, 10311 
28141, 10311 
28141, 10311 
28111, 11020 
28111, 11020 
28111, 11020 
28111, 11020 
28111, 11020 
28104, 10206 
28104, 10206 
28104, 10206 
28104, 10206 
28104, 10206 
28116, 8792 
28116, 8792 
28116, 8792 
28116, 8792 
28116, 8792 
28120, 8481 
28120, 8481 
28120, 8481 
28120, 8481 
28120, 8481 
28111, 8885 
28111, 8885 
28111, 8885 
28111, 8885 
28111, 8885 
28128, 7176 
28128, 7176 
28128, 7176 
28128, 7176 
28128, 7176 
28140, 6628 
28140, 6628 
28140, 6628 
28140, 6628 
28140, 6628 
28134, 7314 
28134, 7314 
28134, 7314 
28134, 7314 
28134, 7314 
28093, 9286 
28093, 9286 
28093, 9286 
28093, 9286 
28093, 9286 
28090, 8655 
28090, 8655 
28090, 8655 
28090, 8655 
28090, 8655 
28055, 9921 
28055, 9921 
28055, 9921 
28055, 9921 
28055, 9921 
28005, 11609 
28005, 11609 
28005, 11609 
28005, 11609 
28005, 11609 
27983, 11928 
27983, 11928 
27983, 11928 
27983, 11928 
27983, 11928 
27956, 12292 
27956, 12292 
27956, 12292 
27956, 12292 
27956, 12292 
27936, 12234 
27936, 12234 
27936, 12234 
27936, 12234 
27936, 12234 
27930, 11872 
27930, 11872 
27930, 11872 
27930, 11872 
27930, 11872 
27913, 12208 
27913, 12208 
27913, 12208 
27913, 12208 
27913, 12208 
27896, 12234 
27896, 12234 
27896, 12234 
27896, 12234 
27896, 12234 
27886, 12181 
27886, 12181 
27886, 12181 
27886, 12181 
27886, 12181 
27867, 12423 
27867, 12423 
27867, 12423 
27867, 12423 
27867, 12423 
27854, 12414 
27854, 12414 
27854, 12414 
27854, 12414 
27854, 12414 
27852, 12195 
27852, 12195 
27852, 12195 
27852, 12195 
27852, 12195 
27872, 10175 
27872, 10175 
27872, 10175 
27872, 10175 
27872, 10175 
27886, 9432 
27886, 9432 
27886, 9432 
27886, 9432 
27886, 9432 
27858, 11043 
27858, 11043 
27858, 11043 
27858, 11043 
27858, 11043 
27852, 10418 
27852, 10418 
27852, 10418 
27852, 10418 
27852, 10418 
27871, 9079 
27871, 9079 
27871, 9079 
27871, 9079 
27871, 9079 
27848, 10574 
27848, 10574 
27848, 10574 
27848, 10574 
27848, 10574 
27840, 10271 
27840, 10271 
27840, 10271 
27840, 10271 
27840, 10271 
27833, 10212 
27833, 10212 
27833, 10212 
27833, 10212 
27833, 10212 
27832, 9677 
27832, 9677 
27832, 9677 
27832, 9677 
27832, 9677 
27864, 7482 
27864, 7482 
27864, 7482 
27864, 7482 
27864, 7482 
27863, 7565 
27863, 7565 
27863, 7565 
27863, 7565 
27863, 7565 
27884, 6399 
27884, 6399 
27884, 6399 
27884, 6399 
27884, 6399 
27920, 4149 
27920, 4149 
27920, 4149 
27920, 4149 
27920, 4149 
27913, 5333 
27913, 5333 
27913, 5333 
27913, 5333 
27913, 5333 
27912, 5480 
27912, 5480 
27912, 5480 
27912, 5480 
27912, 5480 
27897, 6798 
27897, 6798 
27897, 6798 
27897, 6798 
27897, 6798 
27858, 8324 
27858, 8324 
27858, 8324 
27858, 8324 
27858, 8324 
27844, 8279 
27844, 8279 
27844, 8279 
27844, 8279 
27844, 8279 
27823, 8696 
27823, 8696 
27823, 8696 
27823, 8696 
27823, 8696 
27786, 9818 
27786, 9818 
27786, 9818 
27786, 9818 
27786, 9818 
27768, 10238 
27768, 10238 
27768, 10238 
27768, 10238 
27768, 10238 
27744, 10476 
27744, 10476 
27744, 10476 
27744, 10476 
27744, 10476 
27744, 9524 
27744, 9524 
27744, 9524 
27744, 9524 
27744, 9524 
27727, 9682 
27727, 9682 
27727, 9682 
27727, 9682 
27727, 9682 
27743, 8000 
27743, 8000 
27743, 8000 
27743, 8000 
27743, 8000 
27748, 7457 
27748, 7457 
27748, 7457 
27748, 7457 
27748, 7457 
27754, 6990 
27754, 6990 
27754, 6990 
27754, 6990 
27754, 6990 
27754, 6941 
27754, 6941 
27754, 6941 
27754, 6941 
27754, 6941 
27736, 7499 
27736, 7499 
27736, 7499 
27736, 7499 
27736, 7499 
27744, 6761 
27744, 6761 
27744, 6761 
27744, 6761 
27744, 6761 
27754, 6079 
27754, 6079 
27754, 6079 
27754, 6079 
27754, 6079 
27763, 5412 
27763, 5412 
27763, 5412 
27763, 5412 
27763, 5412 
27754, 5856 
27754, 5856 
27754, 5856 
27754, 5856 
27754, 5856 
27734, 6848 
27734, 6848 
27734, 6848 
27734, 6848 
27734, 6848 
27738, 5703 
27738, 5703 
27738, 5703 
27738, 5703 
27738, 5703 
27725, 6569 
27725, 6569 
27725, 6569 
27725, 6569 
27725, 6569 
27715, 6483 
27715, 6483 
27715, 6483 
27715, 6483 
27715, 6483 
27717, 6278 
27717, 6278 
27717, 6278 
27717, 6278 
27717, 6278 
27697, 6408 
27697, 6408 
27697, 6408 
27697, 6408 
27697, 6408 
27705, 5744 
27705, 5744 
27705, 5744 
27705, 5744 
27705, 5744 
27715, 5063 
27715, 5063 
27715, 5063 
27715, 5063 
27715, 5063 
27708, 5396 
27708, 5396 
27708, 5396 
27708, 5396 
27708, 5396 
27692, 5879 
27692, 5879 
27692, 5879 
27692, 5879 
27692, 5879 
27710, 4107 
27710, 4107 
27710, 4107 
27710, 4107 
27710, 4107 
27715, 4264 
27715, 4264 
27715, 4264 
27715, 4264 
27715, 4264 
27723, 3745 
27723, 3745 
27723, 3745 
27723, 3745 
27723, 3745 
27744, 2526 
27744, 2526 
27744, 2526 
27744, 2526 
27744, 2526 
27712, 5121 
27712, 5121 
27712, 5121 
27712, 5121 
27712, 5121 
27685, 5799 
27685, 5799 
27685, 5799 
27685, 5799 
27685, 5799 
27693, 4623 
27693, 4623 
27693, 4623 
27693, 4623 
27693, 4623 
27701, 3929 
27701, 3929 
27701, 3929 
27701, 3929 
27701, 3929 
27708, 3681 
27708, 3681 
27708, 3681 
27708, 3681 
27708, 3681 
27662, 6667 
27662, 6667 
27662, 6667 
27662, 6667 
27662, 6667 
27611, 8060 
27611, 8060 
27611, 8060 
27611, 8060 
27611, 8060 
27601, 7678 
27601, 7678 
27601, 7678 
27601, 7678 
27601, 7678 
27582, 7717 
27582, 7717 
27582, 7717 
27582, 7717 
27582, 7717 
27571, 7514 
27571, 7514 
27571, 7514 
27571, 7514 
27571, 7514 
27532, 9244 
27532, 9244 
27532, 9244 
27532, 9244 
27532, 9244 
27516, 8857 
27516, 8857 
27516, 8857 
27516, 8857 
27516, 8857 
27527, 7730 
27527, 7730 
27527, 7730 
27527, 7730 
27527, 7730 
27527, 6898 
27527, 6898 
27527, 6898 
27527, 6898 
27527, 6898 
27555, 4873 
27555, 4873 
27555, 4873 
27555, 4873 
27555, 4873 
27572, 4252 
27572, 4252 
27572, 4252 
27572, 4252 
27572, 4252 
27583, 3771 
27583, 3771 
27583, 3771 
27583, 3771 
27583, 3771 
27552, 6116 
27552, 6116 
27552, 6116 
27552, 6116 
27552, 6116 
27511, 8093 
27511, 8093 
27511, 8093 
27511, 8093 
27511, 8093 
27466, 9479 
27466, 9479 
27466, 9479 
27466, 9479 
27466, 9479 
27392, 12595 
27392, 12595 
27392, 12595 
27392, 12595 
27392, 12595 
27393, 10606 
27393, 10606 
27393, 10606 
27393, 10606 
27393, 10606 
27389, 10094 
27389, 10094 
27389, 10094 
27389, 10094 
27389, 10094 
27403, 8155 
27403, 8155 
27403, 8155 
27403, 8155 
27403, 8155 
27446, 5360 
27446, 5360 
27446, 5360 
27446, 5360 
27446, 5360 
27442, 6102 
27442, 6102 
27442, 6102 
27442, 6102 
27442, 6102 
27400, 8586 
27400, 8586 
27400, 8586 
27400, 8586 
27400, 8586 
27409, 6916 
27409, 6916 
27409, 6916 
27409, 6916 
27409, 6916 
27428, 5469 
27428, 5469 
27428, 5469 
27428, 5469 
27428, 5469 
27463, 3356 
27463, 3356 
27463, 3356 
27463, 3356 
27463, 3356 
27438, 5862 
27438, 5862 
27438, 5862 
27438, 5862 
27438, 5862 
27358, 10431 
27358, 10431 
27358, 10431 
27358, 10431 
27358, 10431 
27310, 11389 
27310, 11389 
27310, 11389 
27310, 11389 
27310, 11389 
27342, 8185 
27342, 8185 
27342, 8185 
27342, 8185 
27342, 8185 
27329, 8835 
27329, 8835 
27329, 8835 
27329, 8835 
27329, 8835 
27310, 9185 
27310, 9185 
27310, 9185 
27310, 9185 
27310, 9185 
27333, 6941 
27333, 6941 
27333, 6941 
27333, 6941 
27333, 6941 
27320, 8098 
27320, 8098 
27320, 8098 
27320, 8098 
27320, 8098 
27335, 6532 
27335, 6532 
27335, 6532 
27335, 6532 
27335, 6532 
27334, 6988 
27334, 6988 
27334, 6988 
27334, 6988 
27334, 6988 
27338, 6006 
27338, 6006 
27338, 6006 
27338, 6006 
27338, 6006 
27358, 4891 
27358, 4891 
27358, 4891 
27358, 4891 
27358, 4891 
27353, 5478 
27353, 5478 
27353, 5478 
27353, 5478 
27353, 5478 
27339, 6362 
27339, 6362 
27339, 6362 
27339, 6362 
27339, 6362 
27296, 8243 
27296, 8243 
27296, 8243 
27296, 8243 
27296, 8243 
27269, 8789 
27269, 8789 
27269, 8789 
27269, 8789 
27269, 8789 
27299, 6218 
27299, 6218 
27299, 6218 
27299, 6218 
27299, 6218 
27293, 6752 
27293, 6752 
27293, 6752 
27293, 6752 
27293, 6752 
27255, 8719 
27255, 8719 
27255, 8719 
27255, 8719 
27255, 8719 
27265, 7247 
27265, 7247 
27265, 7247 
27265, 7247 
27265, 7247 
27283, 5963 
27283, 5963 
27283, 5963 
27283, 5963 
27283, 5963 
27273, 6674 
27273, 6674 
27273, 6674 
27273, 6674 
27273, 6674 
27244, 8141 
27244, 8141 
27244, 8141 
27244, 8141 
27244, 8141 
27202, 10043 
27202, 10043 
27202, 10043 
27202, 10043 
27202, 10043 
27147, 12536 
27147, 12536 
27147, 12536 
27147, 12536 
27147, 12536 
27121, 12562 
27121, 12562 
27121, 12562 
27121, 12562 
27121, 12562 
27114, 12079 
27114, 12079 
27114, 12079 
27114, 12079 
27114, 12079 
27117, 10921 
27117, 10921 
27117, 10921 
27117, 10921 
27117, 10921 
27157, 7856 
27157, 7856 
27157, 7856 
27157, 7856 
27157, 7856 
27192, 5982 
27192, 5982 
27192, 5982 
27192, 5982 
27192, 5982 
27216, 5116 
27216, 5116 
27216, 5116 
27216, 5116 
27216, 5116 
27210, 5881 
27210, 5881 
27210, 5881 
27210, 5881 
27210, 5881 
27175, 7770 
27175, 7770 
27175, 7770 
27175, 7770 
27175, 7770 
27152, 8564 
27152, 8564 
27152, 8564 
27152, 8564 
27152, 8564 
27157, 7448 
27157, 7448 
27157, 7448 
27157, 7448 
27157, 7448 
27186, 5431 
27186, 5431 
27186, 5431 
27186, 5431 
27186, 5431 
27175, 6253 
27175, 6253 
27175, 6253 
27175, 6253 
27175, 6253 
27206, 4443 
27206, 4443 
27206, 4443 
27206, 4443 
27206, 4443 
27220, 3466 
27220, 3466 
27220, 3466 
27220, 3466 
27220, 3466 
27234, 3260 
27234, 3260 
27234, 3260 
27234, 3260 
27234, 3260 
27210, 4765 
27210, 4765 
27210, 4765 
27210, 4765 
27210, 4765 
27164, 6966 
27164, 6966 
27164, 6966 
27164, 6966 
27164, 6966 
27176, 5760 
27176, 5760 
27176, 5760 
27176, 5760 
27176, 5760 
27197, 4194 
27197, 4194 
27197, 4194 
27197, 4194 
27197, 4194 
27201, 4307 
27201, 4307 
27201, 4307 
27201, 4307 
27201, 4307 
27171, 5575 
27171, 5575 
27171, 5575 
27171, 5575 
27171, 5575 
27181, 4887 
27181, 4887 
27181, 4887 
27181, 4887 
27181, 4887 
27165, 5632 
27165, 5632 
27165, 5632 
27165, 5632 
27165, 5632 
27123, 7536 
27123, 7536 
27123, 7536 
27123, 7536 
27123, 7536 
27115, 7731 
27115, 7731 
27115, 7731 
27115, 7731 
27115, 7731 
27103, 7675 
27103, 7675 
27103, 7675 
27103, 7675 
27103, 7675 
27102, 7061 
27102, 7061 
27102, 7061 
27102, 7061 
27102, 7061 
27129, 4843 
27129, 4843 
27129, 4843 
27129, 4843 
27129, 4843 
27161, 3564 
27161, 3564 
27161, 3564 
27161, 3564 
27161, 3564 
27167, 3348 
27167, 3348 
27167, 3348 
27167, 3348 
27167, 3348 
27183, 2787 
27183, 2787 
27183, 2787 
27183, 2787 
27183, 2787 
27147, 5308 
27147, 5308 
27147, 5308 
27147, 5308 
27147, 5308 
27123, 6046 
27123, 6046 
27123, 6046 
27123, 6046 
27123, 6046 
27096, 7096 
27096, 7096 
27096, 7096 
27096, 7096 
27096, 7096 
27083, 7152 
27083, 7152 
27083, 7152 
27083, 7152 
27083, 7152 
27097, 5739 
27097, 5739 
27097, 5739 
27097, 5739 
27097, 5739 
27083, 6400 
27083, 6400 
27083, 6400 
27083, 6400 
27083, 6400 
27066, 7330 
27066, 7330 
27066, 7330 
27066, 7330 
27066, 7330 
27009, 9929 
27009, 9929 
27009, 9929 
27009, 9929 
27009, 9929 
27027, 7682 
27027, 7682 
27027, 7682 
27027, 7682 
27027, 7682 
27055, 5892 
27055, 5892 
27055, 5892 
27055, 5892 
27055, 5892 
27062, 5425 
27062, 5425 
27062, 5425 
27062, 5425 
27062, 5425 
27081, 4318 
27081, 4318 
27081, 4318 
27081, 4318 
27081, 4318 
27064, 5811 
27064, 5811 
27064, 5811 
27064, 5811 
27064, 5811 
27045, 6560 
27045, 6560 
27045, 6560 
27045, 6560 
27045, 6560 
27056, 5121 
27056, 5121 
27056, 5121 
27056, 5121 
27056, 5121 
27053, 5390 
27053, 5390 
27053, 5390 
27053, 5390 
27053, 5390 
26999, 8748 
26999, 8748 
26999, 8748 
26999, 8748 
26999, 8748 
26691, 21928 
26691, 21928 
26691, 21928 
26691, 21928 
26691, 21928 
26758, 16043 
26758, 16043 
26758, 16043 
26758, 16043 
26758, 16043 
26906, 6143 
26906, 6143 
26906, 6143 
26906, 6143 
26906, 6143 
26932, 6351 
26932, 6351 
26932, 6351 
26932, 6351 
26932, 6351 
26919, 8186 
26919, 8186 
26919, 8186 
26919, 8186 
26919, 8186 
26885, 9864 
26885, 9864 
26885, 9864 
26885, 9864 
26885, 9864 
26875, 10127 
26875, 10127 
26875, 10127 
26875, 10127 
26875, 10127 
26864, 10256 
26864, 10256 
26864, 10256 
26864, 10256 
26864, 10256 
26862, 9774 
26862, 9774 
26862, 9774 
26862, 9774 
26862, 9774 
26939, 4561 
26939, 4561 
26939, 4561 
26939, 4561 
26939, 4561 
26933, 5831 
26933, 5831 
26933, 5831 
26933, 5831 
26933, 5831 
26891, 8704 
26891, 8704 
26891, 8704 
26891, 8704 
26891, 8704 
26817, 12274 
26817, 12274 
26817, 12274 
26817, 12274 
26817, 12274 
26795, 12263 
26795, 12263 
26795, 12263 
26795, 12263 
26795, 12263 
26829, 9011 
26829, 9011 
26829, 9011 
26829, 9011 
26829, 9011 
26854, 7530 
26854, 7530 
26854, 7530 
26854, 7530 
26854, 7530 
26848, 8170 
26848, 8170 
26848, 8170 
26848, 8170 
26848, 8170 
26851, 7797 
26851, 7797 
26851, 7797 
26851, 7797 
26851, 7797 
26864, 6811 
26864, 6811 
26864, 6811 
26864, 6811 
26864, 6811 
26858, 6934 
26858, 6934 
26858, 6934 
26858, 6934 
26858, 6934 
26845, 7536 
26845, 7536 
26845, 7536 
26845, 7536 
26845, 7536 
26854, 6841 
26854, 6841 
26854, 6841 
26854, 6841 
26854, 6841 
26845, 7096 
26845, 7096 
26845, 7096 
26845, 7096 
26845, 7096 
26826, 8138 
26826, 8138 
26826, 8138 
26826, 8138 
26826, 8138 
26790, 9949 
26790, 9949 
26790, 9949 
26790, 9949 
26790, 9949 
26793, 8520 
26793, 8520 
26793, 8520 
26793, 8520 
26793, 8520 
26808, 7564 
26808, 7564 
26808, 7564 
26808, 7564 
26808, 7564 
26799, 7960 
26799, 7960 
26799, 7960 
26799, 7960 
26799, 7960 
26786, 8673 
26786, 8673 
26786, 8673 
26786, 8673 
26786, 8673 
26757, 9750 
26757, 9750 
26757, 9750 
26757, 9750 
26757, 9750 
26781, 7760 
26781, 7760 
26781, 7760 
26781, 7760 
26781, 7760 
26819, 5229 
26819, 5229 
26819, 5229 
26819, 5229 
26819, 5229 
26860, 3267 
26860, 3267 
26860, 3267 
26860, 3267 
26860, 3267 
26899, 1365 
26899, 1365 
26899, 1365 
26899, 1365 
26899, 1365 
26888, 2956 
26888, 2956 
26888, 2956 
26888, 2956 
26888, 2956 
26874, 3730 
26874, 3730 
26874, 3730 
26874, 3730 
26874, 3730 
26858, 4391 
26858, 4391 
26858, 4391 
26858, 4391 
26858, 4391 
26829, 6341 
26829, 6341 
26829, 6341 
26829, 6341 
26829, 6341 
26762, 9673 
26762, 9673 
26762, 9673 
26762, 9673 
26762, 9673 
26720, 10511 
26720, 10511 
26720, 10511 
26720, 10511 
26720, 10511 
26732, 8843 
26732, 8843 
26732, 8843 
26732, 8843 
26732, 8843 
26771, 6256 
26771, 6256 
26771, 6256 
26771, 6256 
26771, 6256 
26778, 5848 
26778, 5848 
26778, 5848 
26778, 5848 
26778, 5848 
26779, 5845 
26779, 5845 
26779, 5845 
26779, 5845 
26779, 5845 
26759, 7050 
26759, 7050 
26759, 7050 
26759, 7050 
26759, 7050 
26755, 6786 
26755, 6786 
26755, 6786 
26755, 6786 
26755, 6786 
26737, 7897 
26737, 7897 
26737, 7897 
26737, 7897 
26737, 7897 
26736, 7193 
26736, 7193 
26736, 7193 
26736, 7193 
26736, 7193 
26720, 8103 
26720, 8103 
26720, 8103 
26720, 8103 
26720, 8103 
26691, 9226 
26691, 9226 
26691, 9226 
26691, 9226 
26691, 9226 
26653, 11097 
26653, 11097 
26653, 11097 
26653, 11097 
26653, 11097 
26637, 11252 
26637, 11252 
26637, 11252 
26637, 11252 
26637, 11252 
26633, 10423 
26633, 10423 
26633, 10423 
26633, 10423 
26633, 10423 
26665, 8080 
26665, 8080 
26665, 8080 
26665, 8080 
26665, 8080 
26684, 6722 
26684, 6722 
26684, 6722 
26684, 6722 
26684, 6722 
26706, 5823 
26706, 5823 
26706, 5823 
26706, 5823 
26706, 5823 
26722, 5038 
26722, 5038 
26722, 5038 
26722, 5038 
26722, 5038 
26726, 5367 
26726, 5367 
26726, 5367 
26726, 5367 
26726, 5367 
26706, 6115 
26706, 6115 
26706, 6115 
26706, 6115 
26706, 6115 
26696, 6320 
26696, 6320 
26696, 6320 
26696, 6320 
26696, 6320 
26696, 6355 
26696, 6355 
26696, 6355 
26696, 6355 
26696, 6355 
26696, 6264 
26696, 6264 
26696, 6264 
26696, 6264 
26696, 6264 
26675, 7298 
26675, 7298 
26675, 7298 
26675, 7298 
26675, 7298 
26627, 9754 
26627, 9754 
26627, 9754 
26627, 9754 
26627, 9754 
26613, 9480 
26613, 9480 
26613, 9480 
26613, 9480 
26613, 9480 
26632, 7721 
26632, 7721 
26632, 7721 
26632, 7721 
26632, 7721 
26656, 6463 
26656, 6463 
26656, 6463 
26656, 6463 
26656, 6463 
26623, 8386 
26623, 8386 
26623, 8386 
26623, 8386 
26623, 8386 
26626, 7866 
26626, 7866 
26626, 7866 
26626, 7866 
26626, 7866 
26643, 6412 
26643, 6412 
26643, 6412 
26643, 6412 
26643, 6412 
26637, 6772 
26637, 6772 
26637, 6772 
26637, 6772 
26637, 6772 
26647, 6318 
26647, 6318 
26647, 6318 
26647, 6318 
26647, 6318 
26630, 7051 
26630, 7051 
26630, 7051 
26630, 7051 
26630, 7051 
26617, 7562 
26617, 7562 
26617, 7562 
26617, 7562 
26617, 7562 
26602, 8326 
26602, 8326 
26602, 8326 
26602, 8326 
26602, 8326 
26581, 9015 
26581, 9015 
26581, 9015 
26581, 9015 
26581, 9015 
26568, 8997 
26568, 8997 
26568, 8997 
26568, 8997 
26568, 8997 
26577, 8251 
26577, 8251 
26577, 8251 
26577, 8251 
26577, 8251 
26591, 7256 
26591, 7256 
26591, 7256 
26591, 7256 
26591, 7256 
26596, 6652 
26596, 6652 
26596, 6652 
26596, 6652 
26596, 6652 
26588, 7448 
26588, 7448 
26588, 7448 
26588, 7448 
26588, 7448 
26562, 8502 
26562, 8502 
26562, 8502 
26562, 8502 
26562, 8502 
26552, 8656 
26552, 8656 
26552, 8656 
26552, 8656 
26552, 8656 
26567, 7696 
26567, 7696 
26567, 7696 
26567, 7696 
26567, 7696 
26538, 9166 
26538, 9166 
26538, 9166 
26538, 9166 
26538, 9166 
26530, 8727 
26530, 8727 
26530, 8727 
26530, 8727 
26530, 8727 
26512, 9588 
26512, 9588 
26512, 9588 
26512, 9588 
26512, 9588 
26490, 10602 
26490, 10602 
26490, 10602 
26490, 10602 
26490, 10602 
26484, 10015 
26484, 10015 
26484, 10015 
26484, 10015 
26484, 10015 
26529, 6933 
26529, 6933 
26529, 6933 
26529, 6933 
26529, 6933 
26567, 4736 
26567, 4736 
26567, 4736 
26567, 4736 
26567, 4736 
26593, 3822 
26593, 3822 
26593, 3822 
26593, 3822 
26593, 3822 
26607, 3752 
26607, 3752 
26607, 3752 
26607, 3752 
26607, 3752 
26595, 4489 
26595, 4489 
26595, 4489 
26595, 4489 
26595, 4489 
26606, 3688 
26606, 3688 
26606, 3688 
26606, 3688 
26606, 3688 
26610, 3579 
26610, 3579 
26610, 3579 
26610, 3579 
26610, 3579 
26632, 2369 
26632, 2369 
26632, 2369 
26632, 2369 
26632, 2369 
26611, 3970 
26611, 3970 
26611, 3970 
26611, 3970 
26611, 3970 
26554, 7257 
26554, 7257 
26554, 7257 
26554, 7257 
26554, 7257 
26533, 7874 
26533, 7874 
26533, 7874 
26533, 7874 
26533, 7874 
26492, 9106 
26492, 9106 
26492, 9106 
26492, 9106 
26492, 9106 
26498, 7976 
26498, 7976 
26498, 7976 
26498, 7976 
26498, 7976 
26520, 6562 
26520, 6562 
26520, 6562 
26520, 6562 
26520, 6562 
26527, 5940 
26527, 5940 
26527, 5940 
26527, 5940 
26527, 5940 
26547, 5121 
26547, 5121 
26547, 5121 
26547, 5121 
26547, 5121 
26552, 4294 
26552, 4294 
26552, 4294 
26552, 4294 
26552, 4294 
26587, 2458 
26587, 2458 
26587, 2458 
26587, 2458 
26587, 2458 
26602, 2206 
26602, 2206 
26602, 2206 
26602, 2206 
26602, 2206 
26617, 2014 
26617, 2014 
26617, 2014 
26617, 2014 
26617, 2014 
26579, 4009 
26579, 4009 
26579, 4009 
26579, 4009 
26579, 4009 
26587, 3288 
26587, 3288 
26587, 3288 
26587, 3288 
26587, 3288 
26598, 2512 
26598, 2512 
26598, 2512 
26598, 2512 
26598, 2512 
26563, 5312 
26563, 5312 
26563, 5312 
26563, 5312 
26563, 5312 
26536, 5919 
26536, 5919 
26536, 5919 
26536, 5919 
26536, 5919 
26538, 5404 
26538, 5404 
26538, 5404 
26538, 5404 
26538, 5404 
26508, 7017 
26508, 7017 
26508, 7017 
26508, 7017 
26508, 7017 
26518, 5811 
26518, 5811 
26518, 5811 
26518, 5811 
26518, 5811 
26544, 3956 
26544, 3956 
26544, 3956 
26544, 3956 
26544, 3956 
26558, 3209 
26558, 3209 
26558, 3209 
26558, 3209 
26558, 3209 
26559, 3486 
26559, 3486 
26559, 3486 
26559, 3486 
26559, 3486 
26548, 4138 
26548, 4138 
26548, 4138 
26548, 4138 
26548, 4138 
26514, 6022 
26514, 6022 
26514, 6022 
26514, 6022 
26514, 6022 
26498, 6256 
26498, 6256 
26498, 6256 
26498, 6256 
26498, 6256 
26491, 6386 
26491, 6386 
26491, 6386 
26491, 6386 
26491, 6386 
26501, 5139 
26501, 5139 
26501, 5139 
26501, 5139 
26501, 5139 
26499, 5594 
26499, 5594 
26499, 5594 
26499, 5594 
26499, 5594 
26464, 7418 
26464, 7418 
26464, 7418 
26464, 7418 
26464, 7418 
26416, 9801 
26416, 9801 
26416, 9801 
26416, 9801 
26416, 9801 
26386, 10180 
26386, 10180 
26386, 10180 
26386, 10180 
26386, 10180 
26413, 8285 
26413, 8285 
26413, 8285 
26413, 8285 
26413, 8285 
26400, 8939 
26400, 8939 
26400, 8939 
26400, 8939 
26400, 8939 
26400, 8780 
26400, 8780 
26400, 8780 
26400, 8780 
26400, 8780 
26391, 8622 
26391, 8622 
26391, 8622 
26391, 8622 
26391, 8622 
26415, 6578 
26415, 6578 
26415, 6578 
26415, 6578 
26415, 6578 
26453, 5087 
26453, 5087 
26453, 5087 
26453, 5087 
26453, 5087 
26443, 5841 
26443, 5841 
26443, 5841 
26443, 5841 
26443, 5841 
26448, 5255 
26448, 5255 
26448, 5255 
26448, 5255 
26448, 5255 
26465, 4304 
26465, 4304 
26465, 4304 
26465, 4304 
26465, 4304 
26478, 3742 
26478, 3742 
26478, 3742 
26478, 3742 
26478, 3742 
26485, 3704 
26485, 3704 
26485, 3704 
26485, 3704 
26485, 3704 
26479, 4140 
26479, 4140 
26479, 4140 
26479, 4140 
26479, 4140 
26456, 5223 
26456, 5223 
26456, 5223 
26456, 5223 
26456, 5223 
26483, 3241 
26483, 3241 
26483, 3241 
26483, 3241 
26483, 3241 
26508, 1521 
26508, 1521 
26508, 1521 
26508, 1521 
26508, 1521 
26509, 2582 
26509, 2582 
26509, 2582 
26509, 2582 
26509, 2582 
26500, 3128 
26500, 3128 
26500, 3128 
26500, 3128 
26500, 3128 
26474, 4667 
26474, 4667 
26474, 4667 
26474, 4667 
26474, 4667 
26424, 7317 
26424, 7317 
26424, 7317 
26424, 7317 
26424, 7317 
26429, 5757 
26429, 5757 
26429, 5757 
26429, 5757 
26429, 5757 
26463, 3426 
26463, 3426 
26463, 3426 
26463, 3426 
26463, 3426 
26463, 4080 
26463, 4080 
26463, 4080 
26463, 4080 
26463, 4080 
26399, 7903 
26399, 7903 
26399, 7903 
26399, 7903 
26399, 7903 
26327, 11568 
26327, 11568 
26327, 11568 
26327, 11568 
26327, 11568 
26263, 13721 
26263, 13721 
26263, 13721 
26263, 13721 
26263, 13721 
26245, 13471 
26245, 13471 
26245, 13471 
26245, 13471 
26245, 13471 
26265, 10915 
26265, 10915 
26265, 10915 
26265, 10915 
26265, 10915 
26293, 9192 
26293, 9192 
26293, 9192 
26293, 9192 
26293, 9192 
26336, 6847 
26336, 6847 
26336, 6847 
26336, 6847 
26336, 6847 
26377, 4634 
26377, 4634 
26377, 4634 
26377, 4634 
26377, 4634 
26390, 4639 
26390, 4639 
26390, 4639 
26390, 4639 
26390, 4639 
26383, 5218 
26383, 5218 
26383, 5218 
26383, 5218 
26383, 5218 
26380, 5775 
26380, 5775 
26380, 5775 
26380, 5775 
26380, 5775 
26376, 5559 
26376, 5559 
26376, 5559 
26376, 5559 
26376, 5559 
26380, 5324 
26380, 5324 
26380, 5324 
26380, 5324 
26380, 5324 
26352, 7053 
26352, 7053 
26352, 7053 
26352, 7053 
26352, 7053 
26369, 5345 
26369, 5345 
26369, 5345 
26369, 5345 
26369, 5345 
26361, 6115 
26361, 6115 
26361, 6115 
26361, 6115 
26361, 6115 
26342, 6854 
26342, 6854 
26342, 6854 
26342, 6854 
26342, 6854 
26306, 8781 
26306, 8781 
26306, 8781 
26306, 8781 
26306, 8781 
26283, 9357 
26283, 9357 
26283, 9357 
26283, 9357 
26283, 9357 
26280, 8521 
26280, 8521 
26280, 8521 
26280, 8521 
26280, 8521 
26281, 8688 
26281, 8688 
26281, 8688 
26281, 8688 
26281, 8688 
26282, 7792 
26282, 7792 
26282, 7792 
26282, 7792 
26282, 7792 
26291, 7416 
26291, 7416 
26291, 7416 
26291, 7416 
26291, 7416 
26275, 8716 
26275, 8716 
26275, 8716 
26275, 8716 
26275, 8716 
26252, 9150 
26252, 9150 
26252, 9150 
26252, 9150 
26252, 9150 
26261, 8577 
26261, 8577 
26261, 8577 
26261, 8577 
26261, 8577 
26236, 9748 
26236, 9748 
26236, 9748 
26236, 9748 
26236, 9748 
26222, 9821 
26222, 9821 
26222, 9821 
26222, 9821 
26222, 9821 
26251, 7856 
26251, 7856 
26251, 7856 
26251, 7856 
26251, 7856 
26245, 8334 
26245, 8334 
26245, 8334 
26245, 8334 
26245, 8334 
26250, 7788 
26250, 7788 
26250, 7788 
26250, 7788 
26250, 7788 
26270, 6493 
26270, 6493 
26270, 6493 
26270, 6493 
26270, 6493 
26281, 5767 
26281, 5767 
26281, 5767 
26281, 5767 
26281, 5767 
26298, 4922 
26298, 4922 
26298, 4922 
26298, 4922 
26298, 4922 
26294, 5748 
26294, 5748 
26294, 5748 
26294, 5748 
26294, 5748 
26272, 6876 
26272, 6876 
26272, 6876 
26272, 6876 
26272, 6876 
26289, 5543 
26289, 5543 
26289, 5543 
26289, 5543 
26289, 5543 
26267, 7237 
26267, 7237 
26267, 7237 
26267, 7237 
26267, 7237 
26232, 8627 
26232, 8627 
26232, 8627 
26232, 8627 
26232, 8627 
26235, 7607 
26235, 7607 
26235, 7607 
26235, 7607 
26235, 7607 
26207, 9160 
26207, 9160 
26207, 9160 
26207, 9160 
26207, 9160 
26224, 7723 
26224, 7723 
26224, 7723 
26224, 7723 
26224, 7723 
26178, 10395 
26178, 10395 
26178, 10395 
26178, 10395 
26178, 10395 
26200, 8227 
26200, 8227 
26200, 8227 
26200, 8227 
26200, 8227 
26205, 7950 
26205, 7950 
26205, 7950 
26205, 7950 
26205, 7950 
26207, 7610 
26207, 7610 
26207, 7610 
26207, 7610 
26207, 7610 
26201, 7825 
26201, 7825 
26201, 7825 
26201, 7825 
26201, 7825 
26231, 6155 
26231, 6155 
26231, 6155 
26231, 6155 
26231, 6155 
26246, 5312 
26246, 5312 
26246, 5312 
26246, 5312 
26246, 5312 
26252, 5371 
26252, 5371 
26252, 5371 
26252, 5371 
26252, 5371 
26250, 5492 
26250, 5492 
26250, 5492 
26250, 5492 
26250, 5492 
26267, 3933 
26267, 3933 
26267, 3933 
26267, 3933 
26267, 3933 
26272, 4330 
26272, 4330 
26272, 4330 
26272, 4330 
26272, 4330 
26255, 5345 
26255, 5345 
26255, 5345 
26255, 5345 
26255, 5345 
26245, 5772 
26245, 5772 
26245, 5772 
26245, 5772 
26245, 5772 
26216, 7393 
26216, 7393 
26216, 7393 
26216, 7393 
26216, 7393 
26204, 7618 
26204, 7618 
26204, 7618 
26204, 7618 
26204, 7618 
26187, 8048 
26187, 8048 
26187, 8048 
26187, 8048 
26187, 8048 
26188, 7173 
26188, 7173 
26188, 7173 
26188, 7173 
26188, 7173 
26230, 4797 
26230, 4797 
26230, 4797 
26230, 4797 
26230, 4797 
26257, 3616 
26257, 3616 
26257, 3616 
26257, 3616 
26257, 3616 
26270, 3413 
26270, 3413 
26270, 3413 
26270, 3413 
26270, 3413 
26237, 5544 
26237, 5544 
26237, 5544 
26237, 5544 
26237, 5544 
26208, 6814 
26208, 6814 
26208, 6814 
26208, 6814 
26208, 6814 
26215, 5909 
26215, 5909 
26215, 5909 
26215, 5909 
26215, 5909 
26186, 7286 
26186, 7286 
26186, 7286 
26186, 7286 
26186, 7286 
26184, 6888 
26184, 6888 
26184, 6888 
26184, 6888 
26184, 6888 
26225, 4201 
26225, 4201 
26225, 4201 
26225, 4201 
26225, 4201 
26231, 4593 
26231, 4593 
26231, 4593 
26231, 4593 
26231, 4593 
26249, 3168 
26249, 3168 
26249, 3168 
26249, 3168 
26249, 3168 
26251, 3269 
26251, 3269 
26251, 3269 
26251, 3269 
26251, 3269 
26270, 2586 
26270, 2586 
26270, 2586 
26270, 2586 
26270, 2586 
26223, 5352 
26223, 5352 
26223, 5352 
26223, 5352 
26223, 5352 
26241, 4128 
26241, 4128 
26241, 4128 
26241, 4128 
26241, 4128 
26228, 4828 
26228, 4828 
26228, 4828 
26228, 4828 
26228, 4828 
26213, 5629 
26213, 5629 
26213, 5629 
26213, 5629 
26213, 5629 
26196, 6289 
26196, 6289 
26196, 6289 
26196, 6289 
26196, 6289 
26198, 5635 
26198, 5635 
26198, 5635 
26198, 5635 
26198, 5635 
26194, 5816 
26194, 5816 
26194, 5816 
26194, 5816 
26194, 5816 
26183, 6289 
26183, 6289 
26183, 6289 
26183, 6289 
26183, 6289 
26197, 5125 
26197, 5125 
26197, 5125 
26197, 5125 
26197, 5125 
26187, 5769 
26187, 5769 
26187, 5769 
26187, 5769 
26187, 5769 
26154, 7740 
26154, 7740 
26154, 7740 
26154, 7740 
26154, 7740 
26142, 7430 
26142, 7430 
26142, 7430 
26142, 7430 
26142, 7430 
26161, 6268 
26161, 6268 
26161, 6268 
26161, 6268 
26161, 6268 
26128, 8283 
26128, 8283 
26128, 8283 
26128, 8283 
26128, 8283 
26079, 10660 
26079, 10660 
26079, 10660 
26079, 10660 
26079, 10660 
26018, 13196 
26018, 13196 
26018, 13196 
26018, 13196 
26018, 13196 
26048, 10082 
26048, 10082 
26048, 10082 
26048, 10082 
26048, 10082 
26085, 7928 
26085, 7928 
26085, 7928 
26085, 7928 
26085, 7928 
26095, 7619 
26095, 7619 
26095, 7619 
26095, 7619 
26095, 7619 
26084, 8248 
26084, 8248 
26084, 8248 
26084, 8248 
26084, 8248 
26066, 9157 
26066, 9157 
26066, 9157 
26066, 9157 
26066, 9157 
26097, 7167 
26097, 7167 
26097, 7167 
26097, 7167 
26097, 7167 
26103, 6748 
26103, 6748 
26103, 6748 
26103, 6748 
26103, 6748 
26077, 8653 
26077, 8653 
26077, 8653 
26077, 8653 
26077, 8653 
26098, 6536 
26098, 6536 
26098, 6536 
26098, 6536 
26098, 6536 
26075, 8391 
26075, 8391 
26075, 8391 
26075, 8391 
26075, 8391 
26081, 7268 
26081, 7268 
26081, 7268 
26081, 7268 
26081, 7268 
26127, 4230 
26127, 4230 
26127, 4230 
26127, 4230 
26127, 4230 
26132, 4774 
26132, 4774 
26132, 4774 
26132, 4774 
26132, 4774 
26133, 4628 
26133, 4628 
26133, 4628 
26133, 4628 
26133, 4628 
26144, 4440 
26144, 4440 
26144, 4440 
26144, 4440 
26144, 4440 
26150, 3959 
26150, 3959 
26150, 3959 
26150, 3959 
26150, 3959 
26144, 4678 
26144, 4678 
26144, 4678 
26144, 4678 
26144, 4678 
26117, 6111 
26117, 6111 
26117, 6111 
26117, 6111 
26117, 6111 
26075, 8293 
26075, 8293 
26075, 8293 
26075, 8293 
26075, 8293 
26048, 9087 
26048, 9087 
26048, 9087 
26048, 9087 
26048, 9087 
26071, 7008 
26071, 7008 
26071, 7008 
26071, 7008 
26071, 7008 
26058, 7912 
26058, 7912 
26058, 7912 
26058, 7912 
26058, 7912 
26042, 8617 
26042, 8617 
26042, 8617 
26042, 8617 
26042, 8617 
26064, 6623 
26064, 6623 
26064, 6623 
26064, 6623 
26064, 6623 
26039, 8210 
26039, 8210 
26039, 8210 
26039, 8210 
26039, 8210 
26010, 9645 
26010, 9645 
26010, 9645 
26010, 9645 
26010, 9645 
26011, 9126 
26011, 9126 
26011, 9126 
26011, 9126 
26011, 9126 
26038, 6998 
26038, 6998 
26038, 6998 
26038, 6998 
26038, 6998 
26063, 5826 
26063, 5826 
26063, 5826 
26063, 5826 
26063, 5826 
26029, 8270 
26029, 8270 
26029, 8270 
26029, 8270 
26029, 8270 
25970, 11264 
25970, 11264 
25970, 11264 
25970, 11264 
25970, 11264 
25912, 13932 
25912, 13932 
25912, 13932 
25912, 13932 
25912, 13932 
25895, 13835 
25895, 13835 
25895, 13835 
25895, 13835 
25895, 13835 
25901, 12464 
25901, 12464 
25901, 12464 
25901, 12464 
25901, 12464 
25933, 10018 
25933, 10018 
25933, 10018 
25933, 10018 
25933, 10018 
25960, 8633 
25960, 8633 
25960, 8633 
25960, 8633 
25960, 8633 
26003, 6571 
26003, 6571 
26003, 6571 
26003, 6571 
26003, 6571 
25995, 7463 
25995, 7463 
25995, 7463 
25995, 7463 
25995, 7463 
25993, 7303 
25993, 7303 
25993, 7303 
25993, 7303 
25993, 7303 
26026, 5516 
26026, 5516 
26026, 5516 
26026, 5516 
26026, 5516 
26002, 7242 
26002, 7242 
26002, 7242 
26002, 7242 
26002, 7242 
25960, 9543 
25960, 9543 
25960, 9543 
25960, 9543 
25960, 9543 
25922, 11465 
25922, 11465 
25922, 11465 
25922, 11465 
25922, 11465 
25899, 12025 
25899, 12025 
25899, 12025 
25899, 12025 
25899, 12025 
25851, 13907 
25851, 13907 
25851, 13907 
25851, 13907 
25851, 13907 
25836, 13964 
25836, 13964 
25836, 13964 
25836, 13964 
25836, 13964 
25905, 8801 
25905, 8801 
25905, 8801 
25905, 8801 
25905, 8801 
25933, 7766 
25933, 7766 
25933, 7766 
25933, 7766 
25933, 7766 
25948, 7414 
25948, 7414 
25948, 7414 
25948, 7414 
25948, 7414 
25942, 7806 
25942, 7806 
25942, 7806 
25942, 7806 
25942, 7806 
25992, 4804 
25992, 4804 
25992, 4804 
25992, 4804 
25992, 4804 
26003, 4516 
26003, 4516 
26003, 4516 
26003, 4516 
26003, 4516 
25979, 6367 
25979, 6367 
25979, 6367 
25979, 6367 
25979, 6367 
25965, 7146 
25965, 7146 
25965, 7146 
25965, 7146 
25965, 7146 
25930, 9103 
25930, 9103 
25930, 9103 
25930, 9103 
25930, 9103 
25897, 10304 
25897, 10304 
25897, 10304 
25897, 10304 
25897, 10304 
25871, 11640 
25871, 11640 
25871, 11640 
25871, 11640 
25871, 11640 
25827, 13135 
25827, 13135 
25827, 13135 
25827, 13135 
25827, 13135 
25798, 14052 
25798, 14052 
25798, 14052 
25798, 14052 
25798, 14052 
25787, 14194 
25787, 14194 
25787, 14194 
25787, 14194 
25787, 14194 
25821, 11640 
25821, 11640 
25821, 11640 
25821, 11640 
25821, 11640 
25850, 9804 
25850, 9804 
25850, 9804 
25850, 9804 
25850, 9804 
25864, 8764 
25864, 8764 
25864, 8764 
25864, 8764 
25864, 8764 
25866, 8962 
25866, 8962 
25866, 8962 
25866, 8962 
25866, 8962 
25901, 7135 
25901, 7135 
25901, 7135 
25901, 7135 
25901, 7135 
25906, 6916 
25906, 6916 
25906, 6916 
25906, 6916 
25906, 6916 
25835, 11287 
25835, 11287 
25835, 11287 
25835, 11287 
25835, 11287 
25834, 10293 
25834, 10293 
25834, 10293 
25834, 10293 
25834, 10293 
25886, 6795 
25886, 6795 
25886, 6795 
25886, 6795 
25886, 6795 
25939, 4038 
25939, 4038 
25939, 4038 
25939, 4038 
25939, 4038 
25953, 4170 
25953, 4170 
25953, 4170 
25953, 4170 
25953, 4170 
25951, 4396 
25951, 4396 
25951, 4396 
25951, 4396 
25951, 4396 
25948, 4583 
25948, 4583 
25948, 4583 
25948, 4583 
25948, 4583 
25924, 6549 
25924, 6549 
25924, 6549 
25924, 6549 
25924, 6549 
25862, 9584 
25862, 9584 
25862, 9584 
25862, 9584 
25862, 9584 
25822, 11233 
25822, 11233 
25822, 11233 
25822, 11233 
25822, 11233 
25840, 9411 
25840, 9411 
25840, 9411 
25840, 9411 
25840, 9411 
25831, 9636 
25831, 9636 
25831, 9636 
25831, 9636 
25831, 9636 
25789, 12051 
25789, 12051 
25789, 12051 
25789, 12051 
25789, 12051 
25774, 12144 
25774, 12144 
25774, 12144 
25774, 12144 
25774, 12144 
25792, 10656 
25792, 10656 
25792, 10656 
25792, 10656 
25792, 10656 
25822, 8362 
25822, 8362 
25822, 8362 
25822, 8362 
25822, 8362 
25864, 5860 
25864, 5860 
25864, 5860 
25864, 5860 
25864, 5860 
25915, 3387 
25915, 3387 
25915, 3387 
25915, 3387 
25915, 3387 
25934, 3052 
25934, 3052 
25934, 3052 
25934, 3052 
25934, 3052 
25909, 5084 
25909, 5084 
25909, 5084 
25909, 5084 
25909, 5084 
25861, 8228 
25861, 8228 
25861, 8228 
25861, 8228 
25861, 8228 
25818, 10329 
25818, 10329 
25818, 10329 
25818, 10329 
25818, 10329 
25805, 9585 
25805, 9585 
25805, 9585 
25805, 9585 
25805, 9585 
25798, 10019 
25798, 10019 
25798, 10019 
25798, 10019 
25798, 10019 
25771, 11123 
25771, 11123 
25771, 11123 
25771, 11123 
25771, 11123 
25781, 9808 
25781, 9808 
25781, 9808 
25781, 9808 
25781, 9808 
25793, 9268 
25793, 9268 
25793, 9268 
25793, 9268 
25793, 9268 
25796, 8433 
25796, 8433 
25796, 8433 
25796, 8433 
25796, 8433 
25835, 6086 
25835, 6086 
25835, 6086 
25835, 6086 
25835, 6086 
25846, 6233 
25846, 6233 
25846, 6233 
25846, 6233 
25846, 6233 
25818, 8062 
25818, 8062 
25818, 8062 
25818, 8062 
25818, 8062 
25782, 9895 
25782, 9895 
25782, 9895 
25782, 9895 
25782, 9895 
25767, 10038 
25767, 10038 
25767, 10038 
25767, 10038 
25767, 10038 
25757, 10670 
25757, 10670 
25757, 10670 
25757, 10670 
25757, 10670 
25765, 9694 
25765, 9694 
25765, 9694 
25765, 9694 
25765, 9694 
25790, 7537 
25790, 7537 
25790, 7537 
25790, 7537 
25790, 7537 
25834, 4968 
25834, 4968 
25834, 4968 
25834, 4968 
25834, 4968 
25871, 3377 
25871, 3377 
25871, 3377 
25871, 3377 
25871, 3377 
25891, 2561 
25891, 2561 
25891, 2561 
25891, 2561 
25891, 2561 
25901, 2291 
25901, 2291 
25901, 2291 
25901, 2291 
25901, 2291 
25896, 3195 
25896, 3195 
25896, 3195 
25896, 3195 
25896, 3195 
25871, 4747 
25871, 4747 
25871, 4747 
25871, 4747 
25871, 4747 
25853, 5617 
25853, 5617 
25853, 5617 
25853, 5617 
25853, 5617 
25874, 3956 
25874, 3956 
25874, 3956 
25874, 3956 
25874, 3956 
25875, 3739 
25875, 3739 
25875, 3739 
25875, 3739 
25875, 3739 
25867, 4558 
25867, 4558 
25867, 4558 
25867, 4558 
25867, 4558 
25832, 6688 
25832, 6688 
25832, 6688 
25832, 6688 
25832, 6688 
25802, 7905 
25802, 7905 
25802, 7905 
25802, 7905 
25802, 7905 
25761, 10017 
25761, 10017 
25761, 10017 
25761, 10017 
25761, 10017 
25756, 9180 
25756, 9180 
25756, 9180 
25756, 9180 
25756, 9180 
25782, 7202 
25782, 7202 
25782, 7202 
25782, 7202 
25782, 7202 
25799, 6273 
25799, 6273 
25799, 6273 
25799, 6273 
25799, 6273 
25834, 4156 
25834, 4156 
25834, 4156 
25834, 4156 
25834, 4156 
25817, 5478 
25817, 5478 
25817, 5478 
25817, 5478 
25817, 5478 
25817, 5519 
25817, 5519 
25817, 5519 
25817, 5519 
25817, 5519 
25816, 5527 
25816, 5527 
25816, 5527 
25816, 5527 
25816, 5527 
25816, 5424 
25816, 5424 
25816, 5424 
25816, 5424 
25816, 5424 
25792, 7056 
25792, 7056 
25792, 7056 
25792, 7056 
25792, 7056 
25767, 8378 
25767, 8378 
25767, 8378 
25767, 8378 
25767, 8378 
25757, 8166 
25757, 8166 
25757, 8166 
25757, 8166 
25757, 8166 
25738, 9179 
25738, 9179 
25738, 9179 
25738, 9179 
25738, 9179 
25746, 8250 
25746, 8250 
25746, 8250 
25746, 8250 
25746, 8250 
25771, 6558 
25771, 6558 
25771, 6558 
25771, 6558 
25771, 6558 
25780, 6001 
25780, 6001 
25780, 6001 
25780, 6001 
25780, 6001 
25780, 6158 
25780, 6158 
25780, 6158 
25780, 6158 
25780, 6158 
25757, 7555 
25757, 7555 
25757, 7555 
25757, 7555 
25757, 7555 
25757, 6988 
25757, 6988 
25757, 6988 
25757, 6988 
25757, 6988 
25744, 7967 
25744, 7967 
25744, 7967 
25744, 7967 
25744, 7967 
25756, 6859 
25756, 6859 
25756, 6859 
25756, 6859 
25756, 6859 
25776, 5348 
25776, 5348 
25776, 5348 
25776, 5348 
25776, 5348 
25793, 4694 
25793, 4694 
25793, 4694 
25793, 4694 
25793, 4694 
25786, 5179 
25786, 5179 
25786, 5179 
25786, 5179 
25786, 5179 
25786, 5187 
25786, 5187 
25786, 5187 
25786, 5187 
25786, 5187 
25775, 5624 
25775, 5624 
25775, 5624 
25775, 5624 
25775, 5624 
25778, 5463 
25778, 5463 
25778, 5463 
25778, 5463 
25778, 5463 
25742, 7537 
25742, 7537 
25742, 7537 
25742, 7537 
25742, 7537 
25693, 10330 
25693, 10330 
25693, 10330 
25693, 10330 
25693, 10330 
25693, 9259 
25693, 9259 
25693, 9259 
25693, 9259 
25693, 9259 
25745, 5484 
25745, 5484 
25745, 5484 
25745, 5484 
25745, 5484 
25746, 6022 
25746, 6022 
25746, 6022 
25746, 6022 
25746, 6022 
25709, 8612 
25709, 8612 
25709, 8612 
25709, 8612 
25709, 8612 
25707, 7890 
25707, 7890 
25707, 7890 
25707, 7890 
25707, 7890 
25704, 7894 
25704, 7894 
25704, 7894 
25704, 7894 
25704, 7894 
25708, 7077 
25708, 7077 
25708, 7077 
25708, 7077 
25708, 7077 
25752, 4042 
25752, 4042 
25752, 4042 
25752, 4042 
25752, 4042 
25748, 5033 
25748, 5033 
25748, 5033 
25748, 5033 
25748, 5033 
25722, 6967 
25722, 6967 
25722, 6967 
25722, 6967 
25722, 6967 
25709, 7244 
25709, 7244 
25709, 7244 
25709, 7244 
25709, 7244 
25695, 8025 
25695, 8025 
25695, 8025 
25695, 8025 
25695, 8025 
25663, 9482 
25663, 9482 
25663, 9482 
25663, 9482 
25663, 9482 
25614, 12219 
25614, 12219 
25614, 12219 
25614, 12219 
25614, 12219 
25599, 12164 
25599, 12164 
25599, 12164 
25599, 12164 
25599, 12164 
25584, 12494 
25584, 12494 
25584, 12494 
25584, 12494 
25584, 12494 
25589, 11426 
25589, 11426 
25589, 11426 
25589, 11426 
25589, 11426 
25608, 9706 
25608, 9706 
25608, 9706 
25608, 9706 
25608, 9706 
25627, 8447 
25627, 8447 
25627, 8447 
25627, 8447 
25627, 8447 
25618, 9332 
25618, 9332 
25618, 9332 
25618, 9332 
25618, 9332 
25593, 11064 
25593, 11064 
25593, 11064 
25593, 11064 
25593, 11064 
25595, 10013 
25595, 10013 
25595, 10013 
25595, 10013 
25595, 10013 
25618, 7951 
25618, 7951 
25618, 7951 
25618, 7951 
25618, 7951 
25647, 6214 
25647, 6214 
25647, 6214 
25647, 6214 
25647, 6214 
25649, 6521 
25649, 6521 
25649, 6521 
25649, 6521 
25649, 6521 
25622, 8444 
25622, 8444 
25622, 8444 
25622, 8444 
25622, 8444 
25603, 9330 
25603, 9330 
25603, 9330 
25603, 9330 
25603, 9330 
25570, 10666 
25570, 10666 
25570, 10666 
25570, 10666 
25570, 10666 
25560, 10706 
25560, 10706 
25560, 10706 
25560, 10706 
25560, 10706 
25569, 9644 
25569, 9644 
25569, 9644 
25569, 9644 
25569, 9644 
25567, 9254 
25567, 9254 
25567, 9254 
25567, 9254 
25567, 9254 
25560, 9917 
25560, 9917 
25560, 9917 
25560, 9917 
25560, 9917 
25568, 9096 
25568, 9096 
25568, 9096 
25568, 9096 
25568, 9096 
25578, 7986 
25578, 7986 
25578, 7986 
25578, 7986 
25578, 7986 
25590, 7445 
25590, 7445 
25590, 7445 
25590, 7445 
25590, 7445 
25589, 6978 
25589, 6978 
25589, 6978 
25589, 6978 
25589, 6978 
25611, 5159 
25611, 5159 
25611, 5159 
25611, 5159 
25611, 5159 
25656, 2673 
25656, 2673 
25656, 2673 
25656, 2673 
25656, 2673 
25659, 3528 
25659, 3528 
25659, 3528 
25659, 3528 
25659, 3528 
25614, 6498 
25614, 6498 
25614, 6498 
25614, 6498 
25614, 6498 
25599, 6865 
25599, 6865 
25599, 6865 
25599, 6865 
25599, 6865 
25617, 5172 
25617, 5172 
25617, 5172 
25617, 5172 
25617, 5172 
25600, 6419 
25600, 6419 
25600, 6419 
25600, 6419 
25600, 6419 
25562, 8522 
25562, 8522 
25562, 8522 
25562, 8522 
25562, 8522 
25565, 7869 
25565, 7869 
25565, 7869 
25565, 7869 
25565, 7869 
25558, 8116 
25558, 8116 
25558, 8116 
25558, 8116 
25558, 8116 
25547, 8051 
25547, 8051 
25547, 8051 
25547, 8051 
25547, 8051 
25531, 8837 
25531, 8837 
25531, 8837 
25531, 8837 
25531, 8837 
25514, 10112 
25514, 10112 
25514, 10112 
25514, 10112 
25514, 10112 
25479, 11794 
25479, 11794 
25479, 11794 
25479, 11794 
25479, 11794 
25480, 10330 
25480, 10330 
25480, 10330 
25480, 10330 
25480, 10330 
25464, 11571 
25464, 11571 
25464, 11571 
25464, 11571 
25464, 11571 
25441, 12475 
25441, 12475 
25441, 12475 
25441, 12475 
25441, 12475 
25444, 11449 
25444, 11449 
25444, 11449 
25444, 11449 
25444, 11449 
25459, 9557 
25459, 9557 
25459, 9557 
25459, 9557 
25459, 9557 
25461, 9816 
25461, 9816 
25461, 9816 
25461, 9816 
25461, 9816 
25459, 9225 
25459, 9225 
25459, 9225 
25459, 9225 
25459, 9225 
25480, 7721 
25480, 7721 
25480, 7721 
25480, 7721 
25480, 7721 
25470, 7953 
25470, 7953 
25470, 7953 
25470, 7953 
25470, 7953 
25470, 8262 
25470, 8262 
25470, 8262 
25470, 8262 
25470, 8262 
25454, 8880 
25454, 8880 
25454, 8880 
25454, 8880 
25454, 8880 
25432, 9939 
25432, 9939 
25432, 9939 
25432, 9939 
25432, 9939 
25432, 9515 
25432, 9515 
25432, 9515 
25432, 9515 
25432, 9515 
25440, 8749 
25440, 8749 
25440, 8749 
25440, 8749 
25440, 8749 
25450, 7600 
25450, 7600 
25450, 7600 
25450, 7600 
25450, 7600 
25442, 8186 
25442, 8186 
25442, 8186 
25442, 8186 
25442, 8186 
25406, 10752 
25406, 10752 
25406, 10752 
25406, 10752 
25406, 10752 
25383, 11636 
25383, 11636 
25383, 11636 
25383, 11636 
25383, 11636 
25381, 11140 
25381, 11140 
25381, 11140 
25381, 11140 
25381, 11140 
25381, 10633 
25381, 10633 
25381, 10633 
25381, 10633 
25381, 10633 
25381, 10058 
25381, 10058 
25381, 10058 
25381, 10058 
25381, 10058 
25381, 9818 
25381, 9818 
25381, 9818 
25381, 9818 
25381, 9818 
25381, 9966 
25381, 9966 
25381, 9966 
25381, 9966 
25381, 9966 
25360, 11065 
25360, 11065 
25360, 11065 
25360, 11065 
25360, 11065 
25362, 10280 
25362, 10280 
25362, 10280 
25362, 10280 
25362, 10280 
25410, 6921 
25410, 6921 
25410, 6921 
25410, 6921 
25410, 6921 
25405, 7871 
25405, 7871 
25405, 7871 
25405, 7871 
25405, 7871 
25391, 9038 
25391, 9038 
25391, 9038 
25391, 9038 
25391, 9038 
25372, 9924 
25372, 9924 
25372, 9924 
25372, 9924 
25372, 9924 
25353, 11064 
25353, 11064 
25353, 11064 
25353, 11064 
25353, 11064 
25314, 13232 
25314, 13232 
25314, 13232 
25314, 13232 
25314, 13232 
25312, 12641 
25312, 12641 
25312, 12641 
25312, 12641 
25312, 12641 
25321, 11744 
25321, 11744 
25321, 11744 
25321, 11744 
25321, 11744 
25321, 11479 
25321, 11479 
25321, 11479 
25321, 11479 
25321, 11479 
25323, 10893 
25323, 10893 
25323, 10893 
25323, 10893 
25323, 10893 
25330, 10591 
25330, 10591 
25330, 10591 
25330, 10591 
25330, 10591 
25332, 9877 
25332, 9877 
25332, 9877 
25332, 9877 
25332, 9877 
25325, 10661 
25325, 10661 
25325, 10661 
25325, 10661 
25325, 10661 
25336, 9381 
25336, 9381 
25336, 9381 
25336, 9381 
25336, 9381 
25326, 10242 
25326, 10242 
25326, 10242 
25326, 10242 
25326, 10242 
25291, 12716 
25291, 12716 
25291, 12716 
25291, 12716 
25291, 12716 
25257, 14143 
25257, 14143 
25257, 14143 
25257, 14143 
25257, 14143 
25240, 14516 
25240, 14516 
25240, 14516 
25240, 14516 
25240, 14516 
25223, 15405 
25223, 15405 
25223, 15405 
25223, 15405 
25223, 15405 
25214, 15324 
25214, 15324 
25214, 15324 
25214, 15324 
25214, 15324 
25207, 15246 
25207, 15246 
25207, 15246 
25207, 15246 
25207, 15246 
25203, 15231 
25203, 15231 
25203, 15231 
25203, 15231 
25203, 15231 
24948, 31393 
24948, 31393 
24948, 31393 
24948, 31393 
24948, 31393 
25061, 19430 
25061, 19430 
25061, 19430 
25061, 19430 
25061, 19430 
25162, 11570 
25162, 11570 
25162, 11570 
25162, 11570 
25162, 11570 
25003, 20102 
25003, 20102 
25003, 20102 
25003, 20102 
25003, 20102 
25205, 6308 
25205, 6308 
25205, 6308 
25205, 6308 
25205, 6308 
25299, 2493 
25299, 2493 
25299, 2493 
25299, 2493 
25299, 2493 
25301, 3517 
25301, 3517 
25301, 3517 
25301, 3517 
25301, 3517 
25402, -2076 
25402, -2076 
25402, -2076 
25402, -2076 
25402, -2076 
25263, 11617 
25263, 11617 
25263, 11617 
25263, 11617 
25263, 11617 
24473, 68164 
24473, 68164 
24473, 68164 
24473, 68164 
24473, 68164 
24560, 37762 
24560, 37762 
24560, 37762 
24560, 37762 
24560, 37762 
23964, 71382 
23964, 71382 
23964, 71382 
23964, 71382 
23964, 71382 
23247, 81422 
23247, 81422 
23247, 81422 
23247, 81422 
23247, 81422 
23500, 28177 
23500, 28177 
23500, 28177 
23500, 28177 
23500, 28177 
24055, 1384 
24055, 1384 
24055, 1384 
24055, 1384 
24055, 1384 
24056, 1384 
24056, 1384 
24056, 1384 
24056, 1384 
24056, 1384 
24056, 1384 
24056, 1384 
24056, 1384 
24056, 1384 
24056, 1384 
24056, 1384 
24056, 1384 
24056, 1384 
24056, 1384 
24056, 1384 
24056, 1384 
24056, 1384 
24056, 1384 
24056, 1384 
24056, 1384 
24056, 1384 
24056, 1384 
24056, 1384 
24056, 1384 
24056, 1384 
24056, 1384 
24056, 1384 
24056, 1384 
24056, 1384 
24056, 1384 
24056, 1384 
24056, 1384 
24056, 1384 
24056, 1384 
24056, 1384 
24056, 1384 
24056, 1384 
24056, 1384 
24056, 1384 
24056, 1384 
24056, 1384 
24056, 1384 
24056, 1384 
24056, 1384 
24056, 1384 
24056, 1384 
24056, 1384 
24056, 1384 
24056, 1384 
24056, 1384 
24056, 1384 
24056, 1384 
24056, 1384 
24056, 1384 
24056, 1384 
24056, 1384 
24056, 1384 
24056, 1384 
24056, 1384 
24056, 1384 
24056, 1384 
24056, 1384 
24056, 1384 
24056, 1384 
24056, 1384 
24056, 1384 
24056, 1384 
24056, 1384 
24056, 1384 
24056, 1384 
24056, 1384 
24056, 1384 
24056, 1384 
24056, 1384 
24056, 1384 
24056, 1384 
24056, 1384 
24056, 1384 
24056, 1384 
24056, 1384 
24056, 1384 
24056, 1384 
24056, 1384 
24056, 1384 
24056, 1384 
24056, 1384 
24056, 1384 
24056, 1384 
24056, 1384 
24056, 1384 
24056, 1384 
